Name,Artist,Album,Track Number
Sweet Thang,Shuggie Otis,Freedom Flight,3
Freedom Flight,Shuggie Otis,Freedom Flight,7
Ice Cold Daydream (Album Version),Shuggie Otis,Freedom Flight,1
Strawberry Letter 23,Shuggie Otis,Freedom Flight,2
Me And My Woman,Shuggie Otis,Freedom Flight,4
Someone's Always Singing,Shuggie Otis,Freedom Flight,5
Purple,Shuggie Otis,Freedom Flight,6
One Room Country Shack (Album Version),Shuggie Otis,Freedom Flight,8
Vinum Sabbathi,Electric Wizard,Dopethrone,1
Mind Transferal,Electric Wizard,Dopethrone,9
Dopethrone,Electric Wizard,Dopethrone,8
We Hate You,Electric Wizard,Dopethrone,7
The Hills Have Eyes,Electric Wizard,Dopethrone,6
"I, the Witchfinder",Electric Wizard,Dopethrone,5
Barbarian,Electric Wizard,Dopethrone,4
Weird Tales / Electric Frost / Golgotha / Altar of Melektaus,Electric Wizard,Dopethrone,3
Funeralopolis,Electric Wizard,Dopethrone,2
Hush Little Baby,Nina Simone,Folksy Nina,9
Lass Of The Low Country,Nina Simone,Folksy Nina,4
You Can Sing A Rainbow,Nina Simone,Folksy Nina,8
Vanetihu,Nina Simone,Folksy Nina,7
The Twelfth Of Never,Nina Simone,Folksy Nina,6
The Young Knight,Nina Simone,Folksy Nina,5
Silver City Bound,Nina Simone,Folksy Nina,1
When I Was A Young Girl,Nina Simone,Folksy Nina,2
Erets Zavat Chalav,Nina Simone,Folksy Nina,3
Disco Boy,Frank Zappa,Understanding America,17
200 Years Old,Frank Zappa,Understanding America,18
I'm The Slime,Frank Zappa,Understanding America,19
I Don't Even Care,Frank Zappa,Understanding America,21
Concentration Moon,Frank Zappa,Understanding America,8
Dinah-Moe Humm,Frank Zappa,Understanding America,16
Find Her Finer,Frank Zappa,Understanding America,15
Trouble Every Day,Frank Zappa,Understanding America,9
Brown Shoes Don't Make It,Frank Zappa,Understanding America,7
We're Turning Again,Frank Zappa,Understanding America,11
Road Ladies,Frank Zappa,Understanding America,12
What Kind Of Girl Do You Think We Are?,Frank Zappa,Understanding America,13
Who Are The Brain Police?,Frank Zappa,Understanding America,5
It Can't Happen Here,Frank Zappa,Understanding America,4
Mom & Dad,Frank Zappa,Understanding America,3
Plastic People,Frank Zappa,Understanding America,2
"Hungry Freaks, Daddy",Frank Zappa,Understanding America,1
Who Needs The Peace Corps?,Frank Zappa,Understanding America,6
You're Probably Wondering Why I'm Here,Frank Zappa,Understanding America,10
Camarillo Brillo,Frank Zappa,Understanding America,14
Be In My Video,Frank Zappa,Understanding America,20
Tinseltown Rebellion,Frank Zappa,Understanding America,30
Porn Wars Deluxe,Frank Zappa,Understanding America,29
Jesus Thinks You're A Jerk,Frank Zappa,Understanding America,31
The Central Scrutinizer,Frank Zappa,Understanding America,28
Thing-Fish Intro,Frank Zappa,Understanding America,27
Promiscuous,Frank Zappa,Understanding America,26
Dumb All Over,Frank Zappa,Understanding America,25
Cocaine Decisions,Frank Zappa,Understanding America,24
Heavenly Bank Account,Frank Zappa,Understanding America,23
Can't Afford No Shoes,Frank Zappa,Understanding America,22
Human Nature (Trio Extension),Vijay Iyer Trio,Accelerando,4
The Village of the Virgins,Vijay Iyer Trio,Accelerando,11
Bode,Vijay Iyer Trio,Accelerando,1
Actions Speak,Vijay Iyer Trio,Accelerando,10
Accelerando,Vijay Iyer Trio,Accelerando,9
Lude,Vijay Iyer Trio,Accelerando,8
Optimism,Vijay Iyer Trio,Accelerando,2
Wildflower,Vijay Iyer Trio,Accelerando,5
Mmmhmm,Vijay Iyer Trio,Accelerando,6
Litle Pocket Size Demons,Vijay Iyer Trio,Accelerando,7
The Star of a Story,Vijay Iyer Trio,Accelerando,3
Things To Try,Terry Reid,River,3
Dream,Terry Reid,River,6
River,Terry Reid,River,5
Live Life,Terry Reid,River,4
Milestones,Terry Reid,River,7
Avenue,Terry Reid,River,2
Dean,Terry Reid,River,1
Whistle and I'll Come to You,Rain Dog,Two Words,12
Like a Lame Man Stepping,Rain Dog,Two Words,4
Watch Over,Rain Dog,Two Words,10
Felicity,Rain Dog,Two Words,1
Fool's Game,Rain Dog,Two Words,9
Broken,Rain Dog,Two Words,3
The World Is My Shotgun,Rain Dog,Two Words,11
Nexus,Rain Dog,Two Words,7
Cloven,Rain Dog,Two Words,2
Nerves Like New Thread,Rain Dog,Two Words,6
Regolith,Rain Dog,Two Words,5
Once,Rain Dog,Two Words,8
You Can't Always Get What You Want,The Rolling Stones,Let It Bleed,9
Monkey Man,The Rolling Stones,Let It Bleed,8
Country Honk,The Rolling Stones,Let It Bleed,3
Midnight Rambler,The Rolling Stones,Let It Bleed,6
Gimme Shelter,The Rolling Stones,Let It Bleed,1
Love In Vain,The Rolling Stones,Let It Bleed,2
Let It Bleed,The Rolling Stones,Let It Bleed,5
Live With Me,The Rolling Stones,Let It Bleed,4
You Got The Silver,The Rolling Stones,Let It Bleed,7
Goldfish,Roy Harper,The Best of Roy Harper,12
Legend,Roy Harper,The Best of Roy Harper,13
My Friend,Roy Harper,The Best of Roy Harper,11
China Girl,Roy Harper,The Best of Roy Harper,10
Hup Hup Spiral,Roy Harper,The Best of Roy Harper,2
Blackpool,Roy Harper,The Best of Roy Harper,1
Sophisticated Beggar,Roy Harper,The Best of Roy Harper,3
Black Clouds,Roy Harper,The Best of Roy Harper,4
October 12th,Roy Harper,The Best of Roy Harper,5
Forever,Roy Harper,The Best of Roy Harper,14
Girlie,Roy Harper,The Best of Roy Harper,6
Big Fat Silver Aeroplane,Roy Harper,The Best of Roy Harper,9
Committed (Live),Roy Harper,The Best of Roy Harper,7
Mr. Station Master,Roy Harper,The Best of Roy Harper,8
Anna,Charles Spearin,The Happiness Project,2
Vanessa,Charles Spearin,The Happiness Project,4
Marisa,Charles Spearin,The Happiness Project,5
Ondine,Charles Spearin,The Happiness Project,6
Mr. Gowrie,Charles Spearin,The Happiness Project,7
Mrs. Morris (Reprise),Charles Spearin,The Happiness Project,8
Vittoria,Charles Spearin,The Happiness Project,3
Mrs. Morris,Charles Spearin,The Happiness Project,1
Back Door Santa,Clarence Carter,Soul Christmas,1
All I Want For Christmas Is You,Carla Thomas,Soul Christmas,11
What Are You Doing New Year's Eve?,King Curtis,Soul Christmas,10
Every Day Will Be Like A Holiday,William Bell,Soul Christmas,9
Jingle Bells,Booker T. & The MG's,Soul Christmas,8
Presents For Christmas,Solomon Burke,Soul Christmas,7
Merry Christmas Baby,Otis Redding,Soul Christmas,6
"Gee Whiz, It's Christmas",Carla Thomas,Soul Christmas,5
Silver Bells,Booker T. & The MG's,Soul Christmas,4
White Christmas,Otis Redding,Soul Christmas,3
The Christmas Song,King Curtis,Soul Christmas,2
Santa Claus Is Coming To Town,Booker T. & The MG's,Soul Christmas,12
This Christmas,Donny Hathaway,Soul Christmas,13
May Christmas Bring You Happiness (1991 Remix),Luther Vandross,Soul Christmas,14
The Girl From Ipanema,"Stan Getz, João Gilberto",Getz/Gilberto,1
On Sight,Kanye West,Yeezus,1
Black Skinhead,Kanye West,Yeezus,2
Bound 2,Kanye West,Yeezus,10
I Am A God,Kanye West,Yeezus,3
Send It Up,Kanye West,Yeezus,9
Hold My Liquor,Kanye West,Yeezus,5
I'm In It,Kanye West,Yeezus,6
New Slaves,Kanye West,Yeezus,4
Blood On The Leaves,Kanye West,Yeezus,7
Guilt Trip,Kanye West,Yeezus,8
Trainwreck,Mastodon,Remission,7
Burning Man,Mastodon,Remission,6
Crusher Destroyer,Mastodon,Remission,1
March of the Fire Ants,Mastodon,Remission,2
Trampled Under Hoof,Mastodon,Remission,8
Where Strides the Behemoth,Mastodon,Remission,3
Workhorse,Mastodon,Remission,4
Ol'e Nessie,Mastodon,Remission,5
Elephant Man,Mastodon,Remission,11
Mother Puncher,Mastodon,Remission,10
Trilobite,Mastodon,Remission,9
Under Ground Kings,Drake,Take Care (Deluxe Version),8
The Ride,Drake,Take Care (Deluxe Version),18
Practice,Drake,Take Care (Deluxe Version),17
HYFR (Hell Ya Fucking Right),Drake,Take Care (Deluxe Version),16
Look What You've Done,Drake,Take Care (Deluxe Version),15
The Real Her,Drake,Take Care (Deluxe Version),14
Shot For Me,Drake,Take Care (Deluxe Version),2
Headlines,Drake,Take Care (Deluxe Version),3
Crew Love,Drake,Take Care (Deluxe Version),4
Take Care,Drake,Take Care (Deluxe Version),5
Marvins Room,Drake,Take Care (Deluxe Version),6
Buried Alive Interlude,Drake,Take Care (Deluxe Version),7
We'll Be Fine,Drake,Take Care (Deluxe Version),9
Make Me Proud,Drake,Take Care (Deluxe Version),10
Lord Knows,Drake,Take Care (Deluxe Version),11
Cameras / Good Ones Go Interlude,Drake,Take Care (Deluxe Version),12
Doing It Wrong,Drake,Take Care (Deluxe Version),13
Over My Dead Body,Drake,Take Care (Deluxe Version),1
Christmas Is Coming (Alternate Take 1),Vince Guaraldi Trio,A Charlie Brown Christmas [Expanded] (Remastered),13
Linus & Lucy,Vince Guaraldi Trio,A Charlie Brown Christmas [Expanded] (Remastered),4
O Tannenbaum,Vince Guaraldi Trio,A Charlie Brown Christmas [Expanded] (Remastered),1
Christmastime Is Here (Alternate Vocal Take 5),Vince Guaraldi Trio,A Charlie Brown Christmas [Expanded] (Remastered),16
Greensleeves (Alternate Take 6),Vince Guaraldi Trio,A Charlie Brown Christmas [Expanded] (Remastered),15
The Christmas Song (Alternate Take 3),Vince Guaraldi Trio,A Charlie Brown Christmas [Expanded] (Remastered),14
Greensleeves,Vince Guaraldi Trio,A Charlie Brown Christmas [Expanded] (Remastered),12
The Christmas Song,Vince Guaraldi Trio,A Charlie Brown Christmas [Expanded] (Remastered),11
Für Elise,Vince Guaraldi Trio,A Charlie Brown Christmas [Expanded] (Remastered),10
Christmas Is Coming,Vince Guaraldi Trio,A Charlie Brown Christmas [Expanded] (Remastered),9
Hark The Herald Angels Sing,Vince Guaraldi Trio,A Charlie Brown Christmas [Expanded] (Remastered),8
Skating,Vince Guaraldi Trio,A Charlie Brown Christmas [Expanded] (Remastered),7
Christmastime Is Here (Vocal),Vince Guaraldi Trio,A Charlie Brown Christmas [Expanded] (Remastered),6
Christmastime Is Here (Instrumental),Vince Guaraldi Trio,A Charlie Brown Christmas [Expanded] (Remastered),5
What Child Is This,Vince Guaraldi Trio,A Charlie Brown Christmas [Expanded] (Remastered),2
My Little Drum,Vince Guaraldi Trio,A Charlie Brown Christmas [Expanded] (Remastered),3
Hang On To Your Ego,The Beach Boys,Pet Sounds,14
Don't Talk (Put Your Head On My Shoulder) (The Stereo Mix) (1996 Digital Remaster),The Beach Boys,Pet Sounds,18
That's Not Me (The Stereo Mix) (1996 Digital Remaster),The Beach Boys,Pet Sounds,17
You Still Believe In Me (The Stereo Mix) (1996 Digital Remaster),The Beach Boys,Pet Sounds,16
I'm Waiting For The Day (The Stereo Mix) (1996 Digital Remaster),The Beach Boys,Pet Sounds,19
Let's Go Away For Awhile (The Stereo Mix) (1996 Digital Remaster),The Beach Boys,Pet Sounds,20
I Know There's An Answer (The Stereo Mix) (1996 Digital Remaster),The Beach Boys,Pet Sounds,23
Here Today (The Stereo Mix) (1996 Digital Remaster),The Beach Boys,Pet Sounds,24
I Just Wasn't Made For These Times (The Stereo Mix) (1996 Digital Remaster),The Beach Boys,Pet Sounds,25
Wouldn't It Be Nice (2000 Digital Remaster),The Beach Boys,Pet Sounds,15
God Only Knows (The Stereo Mix) (1996 Digital Remaster),The Beach Boys,Pet Sounds,22
Sloop John B (The Stereo Mix) (1996 Digital Remaster),The Beach Boys,Pet Sounds,21
"Caroline, No (1996 Digital Remaster)",The Beach Boys,Pet Sounds,13
I'm Waiting For The Day (1996 Digital Remaster),The Beach Boys,Pet Sounds,5
Wouldn't It Be Nice (1996 Digital Remaster),The Beach Boys,Pet Sounds,1
You Still Believe In Me (1996 Digital Remaster),The Beach Boys,Pet Sounds,2
That's Not Me (1996 Digital Remaster),The Beach Boys,Pet Sounds,3
Don't Talk (Put Your Head On My Shoulder) (1996 Digital Remaster),The Beach Boys,Pet Sounds,4
"Caroline, No (The Stereo Mix) (1996 Digital Remaster)",The Beach Boys,Pet Sounds,27
Let's Go Away For Awhile (1996 Digital Remaster),The Beach Boys,Pet Sounds,6
Sloop John B (1996 Digital Remaster),The Beach Boys,Pet Sounds,7
God Only Knows (1997 Digital Remaster),The Beach Boys,Pet Sounds,8
Pet Sounds (The Stereo Mix) (1996 Digital Remaster),The Beach Boys,Pet Sounds,26
I Know There's An Answer (1996 Digital Remaster),The Beach Boys,Pet Sounds,9
Here Today (1996 Digital Remaster),The Beach Boys,Pet Sounds,10
I Just Wasn't Made For These Times (1996 Digital Remaster),The Beach Boys,Pet Sounds,11
Pet Sounds (1996 Digital Remaster),The Beach Boys,Pet Sounds,12
It Ain't Me Babe,June Carter,Live Recordings from the Louisiana Hayride,14
(Comedy) / Thirty Days,June Carter,Live Recordings from the Louisiana Hayride,1
Big Iron,June Carter,Live Recordings from the Louisiana Hayride,2
(Elvis Story & Poem),June Carter,Live Recordings from the Louisiana Hayride,3
Gotta Travel On,June Carter,Live Recordings from the Louisiana Hayride,4
Bury Me Under the Weeping Willow,June Carter,Live Recordings from the Louisiana Hayride,6
He Don't Love Me Anymore,June Carter,Live Recordings from the Louisiana Hayride,5
(Poetry & Comedy),June Carter,Live Recordings from the Louisiana Hayride,7
Wildwood Flower,June Carter,Live Recordings from the Louisiana Hayride,8
Poor Old Heartsick Me,June Carter,Live Recordings from the Louisiana Hayride,11
Ballad of a Teenage Queen,June Carter,Live Recordings from the Louisiana Hayride,15
(Drawing) / The Heel,June Carter,Live Recordings from the Louisiana Hayride,13
(Comedy & Poetry) / John Henry,June Carter,Live Recordings from the Louisiana Hayride,12
Where No One Stands Alone,June Carter,Live Recordings from the Louisiana Hayride,9
(Comedy) / Worried Man Blues,June Carter,Live Recordings from the Louisiana Hayride,10
Hobo's Lullaby,Woody Guthrie,Woody At 100: The Woody Guthrie Centennial Collection,11
Talking Columbia,Woody Guthrie,Woody At 100: The Woody Guthrie Centennial Collection,12
The Sinking of the Reuben James,Woody Guthrie,Woody At 100: The Woody Guthrie Centennial Collection,13
Jesus Christ,Woody Guthrie,Woody At 100: The Woody Guthrie Centennial Collection,14
Gypsy Davy,Woody Guthrie,Woody At 100: The Woody Guthrie Centennial Collection,15
Pretty Boy Floyd,Woody Guthrie,Woody At 100: The Woody Guthrie Centennial Collection,10
New York Town,Woody Guthrie,Woody At 100: The Woody Guthrie Centennial Collection,16
This Land Is Your Land,Woody Guthrie,Woody At 100: The Woody Guthrie Centennial Collection,1
Hard Travelin',Woody Guthrie,Woody At 100: The Woody Guthrie Centennial Collection,9
Philadelphia Lawyer,Woody Guthrie,Woody At 100: The Woody Guthrie Centennial Collection,8
Ramblin' Round,Woody Guthrie,Woody At 100: The Woody Guthrie Centennial Collection,7
"So Long, It's Been Good to Know Yuh (Dusty Old Dust)",Woody Guthrie,Woody At 100: The Woody Guthrie Centennial Collection,6
Talking Dust Bowl,Woody Guthrie,Woody At 100: The Woody Guthrie Centennial Collection,5
The Grand Coulee Dam,Woody Guthrie,Woody At 100: The Woody Guthrie Centennial Collection,4
Riding in My Car (Car Song),Woody Guthrie,Woody At 100: The Woody Guthrie Centennial Collection,3
Pastures of Plenty,Woody Guthrie,Woody At 100: The Woody Guthrie Centennial Collection,2
Going Down the Road (Feeling Bad),Woody Guthrie,Woody At 100: The Woody Guthrie Centennial Collection,17
Goodnight Little Cathy,Woody Guthrie,Woody At 100: The Woody Guthrie Centennial Collection,65
Radio Program - The Ballad Gazette With Woody Guthrie / Trouble On the Waters / Blow the Man Down,Woody Guthrie,Woody At 100: The Woody Guthrie Centennial Collection,52
Radio Program - The Ballad Gazette With Woody Guthrie: Blow Ye Winds,Woody Guthrie,Woody At 100: The Woody Guthrie Centennial Collection,51
Radio Program - The Ballad Gazette With Woody Guthrie: This Land Is Your Land / What Did the Deep See Say,Woody Guthrie,Woody At 100: The Woody Guthrie Centennial Collection,50
Skid Row Serenade,Woody Guthrie,Woody At 100: The Woody Guthrie Centennial Collection,49
Do Re Mi,Woody Guthrie,Woody At 100: The Woody Guthrie Centennial Collection,48
Them Big City Ways,Woody Guthrie,Woody At 100: The Woody Guthrie Centennial Collection,47
I Ain't Got No Home (In This World Anymore),Woody Guthrie,Woody At 100: The Woody Guthrie Centennial Collection,46
We Shall Be Free,Woody Guthrie,Woody At 100: The Woody Guthrie Centennial Collection,45
The Jolly Banker,Woody Guthrie,Woody At 100: The Woody Guthrie Centennial Collection,44
Farmer-Labor Train,Woody Guthrie,Woody At 100: The Woody Guthrie Centennial Collection,43
Radio Program - The Ballad Gazette With Woody Guthrie: Normandy Was Her Name / The Sinking of the Reuben James,Woody Guthrie,Woody At 100: The Woody Guthrie Centennial Collection,53
"BBC - Children's Hour July 7, 1944: Intro / Wabash Cannonball",Woody Guthrie,Woody At 100: The Woody Guthrie Centennial Collection,54
My Little Seed,Woody Guthrie,Woody At 100: The Woody Guthrie Centennial Collection,64
All Work Together,Woody Guthrie,Woody At 100: The Woody Guthrie Centennial Collection,63
Reckless Talk,Woody Guthrie,Woody At 100: The Woody Guthrie Centennial Collection,62
"WNYC Radio Program - Folk Songs of America December 12, 1940: Tom Joad",Woody Guthrie,Woody At 100: The Woody Guthrie Centennial Collection,61
"WNYC Radio Program - Folk Songs of America December 12, 1940: Jesse James",Woody Guthrie,Woody At 100: The Woody Guthrie Centennial Collection,60
"WNYC Radio Program - Folk Songs of America December 12, 1940: John Hardy",Woody Guthrie,Woody At 100: The Woody Guthrie Centennial Collection,59
People's Songs Hootenanny: Ladies Auxiliary / Weaver's Life,Woody Guthrie,Woody At 100: The Woody Guthrie Centennial Collection,58
"BBC - Children's Hour July 7, 1944: Pretty Boy Floyd",Woody Guthrie,Woody At 100: The Woody Guthrie Centennial Collection,57
"BBC - Children's Hour July 7, 1944: Stagger Lee",Woody Guthrie,Woody At 100: The Woody Guthrie Centennial Collection,56
"BBC - Children's Hour July 7, 1944: 900 Miles",Woody Guthrie,Woody At 100: The Woody Guthrie Centennial Collection,55
Two Good Men,Woody Guthrie,Woody At 100: The Woody Guthrie Centennial Collection,42
Bad Lee Brown (Cocaine Blues),Woody Guthrie,Woody At 100: The Woody Guthrie Centennial Collection,41
1913 Massacre,Woody Guthrie,Woody At 100: The Woody Guthrie Centennial Collection,28
Talking Centralia,Woody Guthrie,Woody At 100: The Woody Guthrie Centennial Collection,27
A Dollar Down and a Dollar a Week,Woody Guthrie,Woody At 100: The Woody Guthrie Centennial Collection,26
When That Great Ship Went Down (The Great Ship),Woody Guthrie,Woody At 100: The Woody Guthrie Centennial Collection,25
Better World A-Comin',Woody Guthrie,Woody At 100: The Woody Guthrie Centennial Collection,24
I've Got to Know,Woody Guthrie,Woody At 100: The Woody Guthrie Centennial Collection,23
"Why, Oh Why?",Woody Guthrie,Woody At 100: The Woody Guthrie Centennial Collection,22
Jarama Valley,Woody Guthrie,Woody At 100: The Woody Guthrie Centennial Collection,21
This Land Is Your Land (Standard Version),Woody Guthrie,Woody At 100: The Woody Guthrie Centennial Collection,20
The Biggest Thing That Man Has Ever Done (The Great Historical Bum),Woody Guthrie,Woody At 100: The Woody Guthrie Centennial Collection,19
Dirty Overalls,Woody Guthrie,Woody At 100: The Woody Guthrie Centennial Collection,29
My Daddy (Flies a Ship in the Sky),Woody Guthrie,Woody At 100: The Woody Guthrie Centennial Collection,30
Ludlow Massacre,Woody Guthrie,Woody At 100: The Woody Guthrie Centennial Collection,40
Lindbergh,Woody Guthrie,Woody At 100: The Woody Guthrie Centennial Collection,39
What Are We Waiting On?,Woody Guthrie,Woody At 100: The Woody Guthrie Centennial Collection,38
"So Long, It's Been Good to Know You (Wwii Version)",Woody Guthrie,Woody At 100: The Woody Guthrie Centennial Collection,37
The Ranger's Command,Woody Guthrie,Woody At 100: The Woody Guthrie Centennial Collection,36
Jackhammer John,Woody Guthrie,Woody At 100: The Woody Guthrie Centennial Collection,35
Howdi Do,Woody Guthrie,Woody At 100: The Woody Guthrie Centennial Collection,34
Buffalo Skinners,Woody Guthrie,Woody At 100: The Woody Guthrie Centennial Collection,33
"Hangknot, Slipknot",Woody Guthrie,Woody At 100: The Woody Guthrie Centennial Collection,32
Worried Man Blues,Woody Guthrie,Woody At 100: The Woody Guthrie Centennial Collection,31
"Hard, Ain't It Hard",Woody Guthrie,Woody At 100: The Woody Guthrie Centennial Collection,18
Back Stabbers,The JB's and Fred Wesley,The Lost Album,11
Everybody Plays The Fool,The JB's and Fred Wesley,The Lost Album,9
Get On The Good Foot,The JB's and Fred Wesley,The Lost Album,8
Use Me,The JB's and Fred Wesley,The Lost Album,7
Transmograpfication,The JB's and Fred Wesley,The Lost Album,6
You've Got A Friend,The JB's and Fred Wesley,The Lost Album,5
Seulb,The JB's and Fred Wesley,The Lost Album,4
Secret Love,The JB's and Fred Wesley,The Lost Album,3
Sweet Loneliness,The JB's and Fred Wesley,The Lost Album,2
Watermelon Man,The JB's and Fred Wesley,The Lost Album,1
Alone Again (Naturally),The JB's and Fred Wesley,The Lost Album,10
J.B. Shout,The JB's and Fred Wesley,The Lost Album,12
Funky & Some,The JB's and Fred Wesley,The Lost Album,13
Suite V: Sarabande,Johann Sebastian Bach,Bach Cello Suites,28
Suite I: Prélude,Johann Sebastian Bach,Bach Cello Suites,1
Suite V: Courante,Johann Sebastian Bach,Bach Cello Suites,27
Suite V: Prélude,Johann Sebastian Bach,Bach Cello Suites,25
Suite VI: Gigue,Johann Sebastian Bach,Bach Cello Suites,36
Suite VI: Gavotte I - Gavotte II - Gavotte I,Johann Sebastian Bach,Bach Cello Suites,35
Suite VI: Sarabande,Johann Sebastian Bach,Bach Cello Suites,34
Suite VI: Courante,Johann Sebastian Bach,Bach Cello Suites,33
Suite VI: Allemande,Johann Sebastian Bach,Bach Cello Suites,32
Suite VI: Prélude,Johann Sebastian Bach,Bach Cello Suites,31
Suite V: Gigue,Johann Sebastian Bach,Bach Cello Suites,30
Suite V: Gavotte I - Gavotte II - Gavotte I,Johann Sebastian Bach,Bach Cello Suites,29
Suite V: Allemande,Johann Sebastian Bach,Bach Cello Suites,26
Suite I: Allemande,Johann Sebastian Bach,Bach Cello Suites,2
Suite III: Bourrée I - Bourrée II - Bourrée I,Johann Sebastian Bach,Bach Cello Suites,17
Suite III: Courante,Johann Sebastian Bach,Bach Cello Suites,15
Suite III: Allemande,Johann Sebastian Bach,Bach Cello Suites,14
Suite III: Prélude,Johann Sebastian Bach,Bach Cello Suites,13
Suite II: Gigue,Johann Sebastian Bach,Bach Cello Suites,12
Suite II: Menuet I - Menuet II - Menuet I,Johann Sebastian Bach,Bach Cello Suites,11
Suite II: Sarabande,Johann Sebastian Bach,Bach Cello Suites,10
Suite II: Courant,Johann Sebastian Bach,Bach Cello Suites,9
Suite II: Allemande,Johann Sebastian Bach,Bach Cello Suites,8
Suite II: Prélude,Johann Sebastian Bach,Bach Cello Suites,7
Suite I: Gigue,Johann Sebastian Bach,Bach Cello Suites,6
Suite I: Menuet I - Menuet II - Menuet I,Johann Sebastian Bach,Bach Cello Suites,5
Suite I: Sarabande,Johann Sebastian Bach,Bach Cello Suites,4
Suite I: Courante,Johann Sebastian Bach,Bach Cello Suites,3
Suite III: Gigue,Johann Sebastian Bach,Bach Cello Suites,18
Suite IV: Prélude,Johann Sebastian Bach,Bach Cello Suites,19
Suite IV: Allemande,Johann Sebastian Bach,Bach Cello Suites,20
Suite IV: Gigue,Johann Sebastian Bach,Bach Cello Suites,24
Suite IV: Courante,Johann Sebastian Bach,Bach Cello Suites,21
Suite III: Sarabande,Johann Sebastian Bach,Bach Cello Suites,16
Suite IV: Bourrée I - Bourrée II - Bourrée I,Johann Sebastian Bach,Bach Cello Suites,23
Suite IV: Sarabande,Johann Sebastian Bach,Bach Cello Suites,22
Elyne Road,Toumani Diabate,The Mande Variations,2
Si Naani,Toumani Diabate,The Mande Variations,1
Kaouding Cissoko,Toumani Diabate,The Mande Variations,4
Ismael Drame,Toumani Diabate,The Mande Variations,5
El Nabiyouna,Toumani Diabate,The Mande Variations,7
Cantelowes,Toumani Diabate,The Mande Variations,8
Ali Farka Touré,Toumani Diabate,The Mande Variations,3
Djourou Kara Nany,Toumani Diabate,The Mande Variations,6
It Might As Well Be Spring (Live At The Pershing Lounge),Ahmad Jamal,The Complete Ahmad Jamal Trio Argo Sessions 1956-62,30
Cherokee (Live At The Pershing Lounge),Ahmad Jamal,The Complete Ahmad Jamal Trio Argo Sessions 1956-62,29
All The Things You Are (Live At The Pershing Lounge),Ahmad Jamal,The Complete Ahmad Jamal Trio Argo Sessions 1956-62,28
Too Late Now (Live At The Pershing Lounge),Ahmad Jamal,The Complete Ahmad Jamal Trio Argo Sessions 1956-62,27
Cheek To Cheek (Live / Spotlight Club),Ahmad Jamal,The Complete Ahmad Jamal Trio Argo Sessions 1956-62,43
What's New? (Live At The Pershing Lounge),Ahmad Jamal,The Complete Ahmad Jamal Trio Argo Sessions 1956-62,26
Woody 'N You (Live At The Pershing Lounge),Ahmad Jamal,The Complete Ahmad Jamal Trio Argo Sessions 1956-62,25
Poinciana (Live),Ahmad Jamal,The Complete Ahmad Jamal Trio Argo Sessions 1956-62,24
There Is No Greater Love (Live At The Pershing Lounge),Ahmad Jamal,The Complete Ahmad Jamal Trio Argo Sessions 1956-62,23
Music! Music! Music! (Put Another Nickel In) (Live At The Pershing Lounge),Ahmad Jamal,The Complete Ahmad Jamal Trio Argo Sessions 1956-62,22
I'll Remember April (Live At The Pershing Lounge),Ahmad Jamal,The Complete Ahmad Jamal Trio Argo Sessions 1956-62,31
My Funny Valentine (Live At The Pershing Lounge),Ahmad Jamal,The Complete Ahmad Jamal Trio Argo Sessions 1956-62,32
Gone With The Wind (Live At The Pershing Lounge),Ahmad Jamal,The Complete Ahmad Jamal Trio Argo Sessions 1956-62,33
I Wish I Knew (Live / Spotlight Club),Ahmad Jamal,The Complete Ahmad Jamal Trio Argo Sessions 1956-62,42
The Girl Next Door (Live / Spotlight Club),Ahmad Jamal,The Complete Ahmad Jamal Trio Argo Sessions 1956-62,41
It's You Or No One (Live At The Pershing Lounge),Ahmad Jamal,The Complete Ahmad Jamal Trio Argo Sessions 1956-62,35
Should I? (Live / Spotlight Club),Ahmad Jamal,The Complete Ahmad Jamal Trio Argo Sessions 1956-62,39
Taboo (Live / Spotlight Club),Ahmad Jamal,The Complete Ahmad Jamal Trio Argo Sessions 1956-62,38
Poor Butterfly (Live At The Pershing Lounge),Ahmad Jamal,The Complete Ahmad Jamal Trio Argo Sessions 1956-62,37
Billy Boy (Live At The Pershing Lounge),Ahmad Jamal,The Complete Ahmad Jamal Trio Argo Sessions 1956-62,34
Stompin' At The Savoy (Live / Spotlight Club),Ahmad Jamal,The Complete Ahmad Jamal Trio Argo Sessions 1956-62,40
They Can't Take That Away From Me (Live At The Pershing Lounge),Ahmad Jamal,The Complete Ahmad Jamal Trio Argo Sessions 1956-62,36
Moonlight In Vermont (Live At The Pershing Lounge/1958),Ahmad Jamal,The Complete Ahmad Jamal Trio Argo Sessions 1956-62,21
Surrey With The Fringe On Top (Live At The Pershing Lounge),Ahmad Jamal,The Complete Ahmad Jamal Trio Argo Sessions 1956-62,20
Maryam,Ahmad Jamal,The Complete Ahmad Jamal Trio Argo Sessions 1956-62,7
Darn That Dream (Live At The Blackhawk),Ahmad Jamal,The Complete Ahmad Jamal Trio Argo Sessions 1956-62,126
All Of You (Live At The Alhambra),Ahmad Jamal,The Complete Ahmad Jamal Trio Argo Sessions 1956-62,111
Easy To Remember,Ahmad Jamal,The Complete Ahmad Jamal Trio Argo Sessions 1956-62,8
Beat Out One,Ahmad Jamal,The Complete Ahmad Jamal Trio Argo Sessions 1956-62,6
Spring Will Be A Little Late This Year,Ahmad Jamal,The Complete Ahmad Jamal Trio Argo Sessions 1956-62,5
I Just Can't See For Lookin,Ahmad Jamal,The Complete Ahmad Jamal Trio Argo Sessions 1956-62,4
How About You,Ahmad Jamal,The Complete Ahmad Jamal Trio Argo Sessions 1956-62,3
On Green Dolphin Street,Ahmad Jamal,The Complete Ahmad Jamal Trio Argo Sessions 1956-62,2
Jim Loves Sue,Ahmad Jamal,The Complete Ahmad Jamal Trio Argo Sessions 1956-62,9
Secret love,Ahmad Jamal,The Complete Ahmad Jamal Trio Argo Sessions 1956-62,10
Taking A Chance On Love,Ahmad Jamal,The Complete Ahmad Jamal Trio Argo Sessions 1956-62,11
But Not For Me (Live At The Pershing Lounge),Ahmad Jamal,The Complete Ahmad Jamal Trio Argo Sessions 1956-62,19
That's All,Ahmad Jamal,The Complete Ahmad Jamal Trio Argo Sessions 1956-62,18
Love For Sale,Ahmad Jamal,The Complete Ahmad Jamal Trio Argo Sessions 1956-62,17
Aki And Ukthay,Ahmad Jamal,The Complete Ahmad Jamal Trio Argo Sessions 1956-62,16
Pavanne,Ahmad Jamal,The Complete Ahmad Jamal Trio Argo Sessions 1956-62,67
Love,Ahmad Jamal,The Complete Ahmad Jamal Trio Argo Sessions 1956-62,15
Soft Wind,Ahmad Jamal,The Complete Ahmad Jamal Trio Argo Sessions 1956-62,14
It's You Or No One,Ahmad Jamal,The Complete Ahmad Jamal Trio Argo Sessions 1956-62,13
Cheek To Cheek,Ahmad Jamal,The Complete Ahmad Jamal Trio Argo Sessions 1956-62,12
Volga Boatman,Ahmad Jamal,The Complete Ahmad Jamal Trio Argo Sessions 1956-62,1
Autumn In New York (Live / Spotlight Club),Ahmad Jamal,The Complete Ahmad Jamal Trio Argo Sessions 1956-62,44
Lover Man,Ahmad Jamal,The Complete Ahmad Jamal Trio Argo Sessions 1956-62,92
Broadway (Live At The Alhambra/1961),Ahmad Jamal,The Complete Ahmad Jamal Trio Argo Sessions 1956-62,102
Willow Weep For Me (Live At The Alhambra/1961),Ahmad Jamal,The Complete Ahmad Jamal Trio Argo Sessions 1956-62,103
Autumn Leaves (Live At The Alhambra/1961),Ahmad Jamal,The Complete Ahmad Jamal Trio Argo Sessions 1956-62,104
Isn't It Romantic (Live At The Alhambra/1961),Ahmad Jamal,The Complete Ahmad Jamal Trio Argo Sessions 1956-62,105
The Breeze And I (Live At The Alhambra/1961),Ahmad Jamal,The Complete Ahmad Jamal Trio Argo Sessions 1956-62,106
Time On My Hands,Ahmad Jamal,The Complete Ahmad Jamal Trio Argo Sessions 1956-62,107
Angel Eyes,Ahmad Jamal,The Complete Ahmad Jamal Trio Argo Sessions 1956-62,108
You Go To My Head,Ahmad Jamal,The Complete Ahmad Jamal Trio Argo Sessions 1956-62,109
Star Eyes (Live At The Alhambra),Ahmad Jamal,The Complete Ahmad Jamal Trio Argo Sessions 1956-62,110
Snowfall (Live At The Alhambra/1961),Ahmad Jamal,The Complete Ahmad Jamal Trio Argo Sessions 1956-62,101
Love For Sale (Live At The Alhambra/1961),Ahmad Jamal,The Complete Ahmad Jamal Trio Argo Sessions 1956-62,100
Who Cares?,Ahmad Jamal,The Complete Ahmad Jamal Trio Argo Sessions 1956-62,93
Im Old Fashioned,Ahmad Jamal,The Complete Ahmad Jamal Trio Argo Sessions 1956-62,94
Seleritus (At the Penthouse),Ahmad Jamal,The Complete Ahmad Jamal Trio Argo Sessions 1956-62,80
We Kiss In A Shadow,Ahmad Jamal,The Complete Ahmad Jamal Trio Argo Sessions 1956-62,95
Chi-town (aka Gem),Ahmad Jamal,The Complete Ahmad Jamal Trio Argo Sessions 1956-62,96
We Kiss In A Shadow (Live At The Alhambra/1961),Ahmad Jamal,The Complete Ahmad Jamal Trio Argo Sessions 1956-62,97
I'll Take Romance / My Funny Valentine (Live At The Blackhawk),Ahmad Jamal,The Complete Ahmad Jamal Trio Argo Sessions 1956-62,118
Sweet And Lovely (Live At The Alhambra/1961),Ahmad Jamal,The Complete Ahmad Jamal Trio Argo Sessions 1956-62,98
The Party's Over (Live At The Alhambra/1961),Ahmad Jamal,The Complete Ahmad Jamal Trio Argo Sessions 1956-62,99
You're Blase (Live At The Alhambra),Ahmad Jamal,The Complete Ahmad Jamal Trio Argo Sessions 1956-62,112
What Is This Thing Called Love,Ahmad Jamal,The Complete Ahmad Jamal Trio Argo Sessions 1956-62,113
Like Someone In Love (Alternate Version / Live At The Blackhawk),Ahmad Jamal,The Complete Ahmad Jamal Trio Argo Sessions 1956-62,128
On Green Dolphin Street (Live at the Blackhawk),Ahmad Jamal,The Complete Ahmad Jamal Trio Argo Sessions 1956-62,127
The Lady Is A Tramp (Live At The Alhambra),Ahmad Jamal,The Complete Ahmad Jamal Trio Argo Sessions 1956-62,117
Night Mist Blues (Live At The Blackhawk),Ahmad Jamal,The Complete Ahmad Jamal Trio Argo Sessions 1956-62,125
We Live In Two Different Worlds (Live At The Blackhawk),Ahmad Jamal,The Complete Ahmad Jamal Trio Argo Sessions 1956-62,124
Second Time Around (Live At The Blackhawk),Ahmad Jamal,The Complete Ahmad Jamal Trio Argo Sessions 1956-62,123
April In Paris (Live At The Blackhawk),Ahmad Jamal,The Complete Ahmad Jamal Trio Argo Sessions 1956-62,122
The Best Thing For You (Live At The Blackhawk),Ahmad Jamal,The Complete Ahmad Jamal Trio Argo Sessions 1956-62,121
Falling In Love With Love (Live At The Blackhawk),Ahmad Jamal,The Complete Ahmad Jamal Trio Argo Sessions 1956-62,120
Second Time Around (Alternate Version / Live At The Blackhawk),Ahmad Jamal,The Complete Ahmad Jamal Trio Argo Sessions 1956-62,129
Angel Eyes (Live at the Blackhawk),Ahmad Jamal,The Complete Ahmad Jamal Trio Argo Sessions 1956-62,130
Poinciana (Live At The Alhambra),Ahmad Jamal,The Complete Ahmad Jamal Trio Argo Sessions 1956-62,114
We Kiss In A Shadow (Alternate Version / Live At The Alhambra),Ahmad Jamal,The Complete Ahmad Jamal Trio Argo Sessions 1956-62,115
Stella By Starlight (Live At The Alhambra),Ahmad Jamal,The Complete Ahmad Jamal Trio Argo Sessions 1956-62,116
Like Someone In Love (Alternate Version 2 / Live At The Blackhawk),Ahmad Jamal,The Complete Ahmad Jamal Trio Argo Sessions 1956-62,136
Second Time Around (Alternate Version 2 / Live At Blackhawk),Ahmad Jamal,The Complete Ahmad Jamal Trio Argo Sessions 1956-62,135
We Kiss In A Shadow (Live At The Blackhawk),Ahmad Jamal,The Complete Ahmad Jamal Trio Argo Sessions 1956-62,134
I'm Old Fashioned (Live At the Blackhawk),Ahmad Jamal,The Complete Ahmad Jamal Trio Argo Sessions 1956-62,133
Smoke Gets In Your Eyes (Live At the Blackhawk),Ahmad Jamal,The Complete Ahmad Jamal Trio Argo Sessions 1956-62,132
Alone Together / Love Walked In (Live At the Blackhawk),Ahmad Jamal,The Complete Ahmad Jamal Trio Argo Sessions 1956-62,131
Like Someone In Love (Live At The Blackhawk),Ahmad Jamal,The Complete Ahmad Jamal Trio Argo Sessions 1956-62,119
You Came A Long Way From St. Louis,Ahmad Jamal,The Complete Ahmad Jamal Trio Argo Sessions 1956-62,91
Secret Love (Live / Spotlight Club),Ahmad Jamal,The Complete Ahmad Jamal Trio Argo Sessions 1956-62,45
Aki And Ukthay (Live At The Spotlight Club),Ahmad Jamal,The Complete Ahmad Jamal Trio Argo Sessions 1956-62,57
You Don't Know What Love Is (Live At The Spotlight Club),Ahmad Jamal,The Complete Ahmad Jamal Trio Argo Sessions 1956-62,58
I Didn't Know What Time It Was (Live At The Spotlight Club),Ahmad Jamal,The Complete Ahmad Jamal Trio Argo Sessions 1956-62,59
So Beats My Heart For You (Live At The Spotlight Club),Ahmad Jamal,The Complete Ahmad Jamal Trio Argo Sessions 1956-62,60
A Gal In Calico (Live At The Spotlight Club),Ahmad Jamal,The Complete Ahmad Jamal Trio Argo Sessions 1956-62,61
Too Late Now (Live At The Spotlight Club),Ahmad Jamal,The Complete Ahmad Jamal Trio Argo Sessions 1956-62,63
The Night Has A Thousand Eyes (Live At The Sopotlight Club),Ahmad Jamal,The Complete Ahmad Jamal Trio Argo Sessions 1956-62,64
Little Old Lady,Ahmad Jamal,The Complete Ahmad Jamal Trio Argo Sessions 1956-62,65
For All We Know,Ahmad Jamal,The Complete Ahmad Jamal Trio Argo Sessions 1956-62,66
Let's Fall In Love (Live At The Spotlight Club),Ahmad Jamal,The Complete Ahmad Jamal Trio Argo Sessions 1956-62,56
Tater Pie (Live / Spotlight Club),Ahmad Jamal,The Complete Ahmad Jamal Trio Argo Sessions 1956-62,55
Squatty Roo (Live / Spotlight Club),Ahmad Jamal,The Complete Ahmad Jamal Trio Argo Sessions 1956-62,46
That's All (Live / Spotlight Club),Ahmad Jamal,The Complete Ahmad Jamal Trio Argo Sessions 1956-62,47
This Can't Be Love (Live / Spotlight Club),Ahmad Jamal,The Complete Ahmad Jamal Trio Argo Sessions 1956-62,48
Autumn Leaves (Live / Spotlight Club),Ahmad Jamal,The Complete Ahmad Jamal Trio Argo Sessions 1956-62,49
Ahmad's Blues (Live / Spotlight Club),Ahmad Jamal,The Complete Ahmad Jamal Trio Argo Sessions 1956-62,50
Old Devil Moon (Live / Spotlight Club),Ahmad Jamal,The Complete Ahmad Jamal Trio Argo Sessions 1956-62,51
Seleritus (Live / Spotlight Club),Ahmad Jamal,The Complete Ahmad Jamal Trio Argo Sessions 1956-62,52
It Could Happen To You (Live / Spotlight Club),Ahmad Jamal,The Complete Ahmad Jamal Trio Argo Sessions 1956-62,53
Ivy (Live / Spotlight Club),Ahmad Jamal,The Complete Ahmad Jamal Trio Argo Sessions 1956-62,54
Excerpts From The Blues,Ahmad Jamal,The Complete Ahmad Jamal Trio Argo Sessions 1956-62,68
Easy To Love,Ahmad Jamal,The Complete Ahmad Jamal Trio Argo Sessions 1956-62,69
I Like To Recognize The Tune (At the Penthouse),Ahmad Jamal,The Complete Ahmad Jamal Trio Argo Sessions 1956-62,81
I'm Alone With You (At the Penthouse),Ahmad Jamal,The Complete Ahmad Jamal Trio Argo Sessions 1956-62,82
Sophisticated Gentlemen (At the Penthouse),Ahmad Jamal,The Complete Ahmad Jamal Trio Argo Sessions 1956-62,83
Ahmad's Waltz,Ahmad Jamal,The Complete Ahmad Jamal Trio Argo Sessions 1956-62,84
Valentina,Ahmad Jamal,The Complete Ahmad Jamal Trio Argo Sessions 1956-62,85
Yesterdays,Ahmad Jamal,The Complete Ahmad Jamal Trio Argo Sessions 1956-62,86
Tempo For Two,Ahmad Jamal,The Complete Ahmad Jamal Trio Argo Sessions 1956-62,87
Hallelujah,Ahmad Jamal,The Complete Ahmad Jamal Trio Argo Sessions 1956-62,88
It's A Wonderful World,Ahmad Jamal,The Complete Ahmad Jamal Trio Argo Sessions 1956-62,89
Ahmad's Blues (At the Penthouse),Ahmad Jamal,The Complete Ahmad Jamal Trio Argo Sessions 1956-62,79
Tangerine (At the Penthouse),Ahmad Jamal,The Complete Ahmad Jamal Trio Argo Sessions 1956-62,78
Never Never Land (At the Penthouse),Ahmad Jamal,The Complete Ahmad Jamal Trio Argo Sessions 1956-62,77
Time On My Hands,Ahmad Jamal,The Complete Ahmad Jamal Trio Argo Sessions 1956-62,70
Raincheck,Ahmad Jamal,The Complete Ahmad Jamal Trio Argo Sessions 1956-62,71
I'll Never Stop Loving You,Ahmad Jamal,The Complete Ahmad Jamal Trio Argo Sessions 1956-62,72
Our Delight (Live At The Spotlight Club),Ahmad Jamal,The Complete Ahmad Jamal Trio Argo Sessions 1956-62,62
Baia,Ahmad Jamal,The Complete Ahmad Jamal Trio Argo Sessions 1956-62,90
Speak Low,Ahmad Jamal,The Complete Ahmad Jamal Trio Argo Sessions 1956-62,73
Rhumba No. 2,Ahmad Jamal,The Complete Ahmad Jamal Trio Argo Sessions 1956-62,74
"Comme Ci, Comme Ca (At the Penthouse)",Ahmad Jamal,The Complete Ahmad Jamal Trio Argo Sessions 1956-62,75
Ivy (At the Penthouse),Ahmad Jamal,The Complete Ahmad Jamal Trio Argo Sessions 1956-62,76
Goodbye Pork Pie Hat,Charles Mingus,Ah Um,2
