Name,Artist,Album,Track Number
The Little Drummer Boy,Kenny Burrell,Have Yourself a Soulful Little Christmas,1
Have Yourself A Merry Little Christmas,Kenny Burrell,Have Yourself a Soulful Little Christmas,2
My Favorite Things,Kenny Burrell,Have Yourself a Soulful Little Christmas,3
Away In A Manger,Kenny Burrell,Have Yourself a Soulful Little Christmas,4
Mary's Little Boy Chile,Kenny Burrell,Have Yourself a Soulful Little Christmas,5
White Christmas,Kenny Burrell,Have Yourself a Soulful Little Christmas,6
"God Rest Ye, Merry Gentlemen",Kenny Burrell,Have Yourself a Soulful Little Christmas,7
The Christmas Song,Kenny Burrell,Have Yourself a Soulful Little Christmas,8
Children Go Where I Send Thee,Kenny Burrell,Have Yourself a Soulful Little Christmas,9
Silent Night,Kenny Burrell,Have Yourself a Soulful Little Christmas,10
Twelve Days Of Christmas,Kenny Burrell,Have Yourself a Soulful Little Christmas,11
Merry Christmas Baby,Kenny Burrell,Have Yourself a Soulful Little Christmas,12
Silent Night,Bing Crosby,White Christmas,1
Adeste Fideles,Bing Crosby,White Christmas,2
White Christmas,Bing Crosby,White Christmas,3
God Rest Ye Merry Gentlemen,Bing Crosby,White Christmas,4
Faith Of Our Fathers,Bing Crosby,White Christmas,5
I'll Be Home For Christmas,Bing Crosby,White Christmas,6
Jingle Bells,Bing Crosby,White Christmas,7
Santa Claus Is Comin' To Town,Bing Crosby,White Christmas,8
Silver Bells,Bing Crosby,White Christmas,9
It's Beginning To Look Like Christmas,Bing Crosby,White Christmas,10
Christmas In Killarney,Bing Crosby,White Christmas,11
Mele Kalikimaka (Merry Christmas),Bing Crosby,White Christmas,12
White Christmas,Andy Williams,The Andy Williams Christmas Album,1
Happy Holiday / The Holiday Season,Andy Williams,The Andy Williams Christmas Album,2
The Christmas Song (Chestnuts Roasting On An Open Fire),Andy Williams,The Andy Williams Christmas Album,3
It's the Most Wonderful Time of the Year,Andy Williams,The Andy Williams Christmas Album,4
A Song and a Christmas Tree (The Twelve Days of Christmas),Andy Williams,The Andy Williams Christmas Album,5
Kay Thompson's Jingle Bells,Andy Williams,The Andy Williams Christmas Album,6
The First Noël,Andy Williams,The Andy Williams Christmas Album,7
O Holy Night,Andy Williams,The Andy Williams Christmas Album,8
Away in a Manger,Andy Williams,The Andy Williams Christmas Album,9
Sweet Little Jesus Boy,Andy Williams,The Andy Williams Christmas Album,10
The Little Drummer Boy,Andy Williams,The Andy Williams Christmas Album,11
"Silent Night, Holy Night",Andy Williams,The Andy Williams Christmas Album,12
Here,Aaron Strumpel,Christmas!,1
Away in a Manger,Aaron Strumpel,Christmas!,2
Come to You,Aaron Strumpel,Christmas!,3
God Rest Ye Merry Gentlemen,Aaron Strumpel,Christmas!,4
Angels We Have Heard On High,Aaron Strumpel,Christmas!,5
Auld Lang Syne,Aaron Strumpel,Christmas!,6
Dove,Aaron Strumpel,Christmas!,7
Jingle Bells,Aaron Strumpel,Christmas!,8
Joy to the World,Aaron Strumpel,Christmas!,9
Silent Night (Feat. Karla Adolphe),Aaron Strumpel,Christmas!,10
Away in a Manger,Bright Eyes,A Christmas Album,1
Blue Christmas,Bright Eyes,A Christmas Album,2
Oh Little Town of Bethlehem,Bright Eyes,A Christmas Album,3
God Rest Ye Merry Gentlemen,Bright Eyes,A Christmas Album,4
The First Noel,Bright Eyes,A Christmas Album,5
Little Drummer Boy,Bright Eyes,A Christmas Album,6
White Christmas,Bright Eyes,A Christmas Album,7
Silent Night,Bright Eyes,A Christmas Album,8
Silver Bells,Bright Eyes,A Christmas Album,9
Have Yourself a Merry Little Christmas,Bright Eyes,A Christmas Album,10
The Night Before Christmas,Bright Eyes,A Christmas Album,11
O Tannenbaum,Vince Guaraldi Trio,A Charlie Brown Christmas (Remastered & Expanded Edition),1
What Child Is This,Vince Guaraldi Trio,A Charlie Brown Christmas (Remastered & Expanded Edition),2
My Little Drum,Vince Guaraldi Trio,A Charlie Brown Christmas (Remastered & Expanded Edition),3
Linus And Lucy,Vince Guaraldi Trio,A Charlie Brown Christmas (Remastered & Expanded Edition),4
Christmas Time Is Here (Instrumental),Vince Guaraldi Trio,A Charlie Brown Christmas (Remastered & Expanded Edition),5
Christmas Time Is Here (Vocal),Vince Guaraldi Trio,A Charlie Brown Christmas (Remastered & Expanded Edition),6
Skating,Vince Guaraldi Trio,A Charlie Brown Christmas (Remastered & Expanded Edition),7
"Hark, The Herald Angels Sing",Vince Guaraldi Trio,A Charlie Brown Christmas (Remastered & Expanded Edition),8
Christmas Is Coming,Vince Guaraldi Trio,A Charlie Brown Christmas (Remastered & Expanded Edition),9
Fur Elise,Vince Guaraldi Trio,A Charlie Brown Christmas (Remastered & Expanded Edition),10
The Christmas Song,Vince Guaraldi Trio,A Charlie Brown Christmas (Remastered & Expanded Edition),11
Greensleeves,Vince Guaraldi Trio,A Charlie Brown Christmas (Remastered & Expanded Edition),12
Great Pumpkin Waltz,Vince Guaraldi Trio,A Charlie Brown Christmas (Remastered & Expanded Edition),13
Thanksgiving Theme,Vince Guaraldi Trio,A Charlie Brown Christmas (Remastered & Expanded Edition),14
"O, Come All Ye Faithful",Chris Tomlin,Glory In The Highest: Christmas Songs Of Worship,1
Angels We Have Heard On High,Chris Tomlin,Glory In The Highest: Christmas Songs Of Worship,2
Emmanuel (Hallowed Manger Ground),Chris Tomlin,Glory In The Highest: Christmas Songs Of Worship,3
Hark! The Herald Angels Sing,Chris Tomlin,Glory In The Highest: Christmas Songs Of Worship,4
My Soul Magnifies The Lord,Chris Tomlin,Glory In The Highest: Christmas Songs Of Worship,5
Joy to the World (Unspeakable Joy),Chris Tomlin,Glory In The Highest: Christmas Songs Of Worship,6
Glory In The Highest,Chris Tomlin,Glory In The Highest: Christmas Songs Of Worship,7
"O, Holy Night",Chris Tomlin,Glory In The Highest: Christmas Songs Of Worship,8
Come Thou Long Expected Jesus (Feat. Christy Nockels),Chris Tomlin,Glory In The Highest: Christmas Songs Of Worship,9
Light Of The World (Feat. Matt Redman),Chris Tomlin,Glory In The Highest: Christmas Songs Of Worship,10
Winter Snow (Feat. Audrey Assad),Chris Tomlin,Glory In The Highest: Christmas Songs Of Worship,11
Born That We May Have Life,Chris Tomlin,Glory In The Highest: Christmas Songs Of Worship,12
Silent Night,Sufjan Stevens,Songs For Christmas,1
O Come O Come Emmanuel,Sufjan Stevens,Songs For Christmas,2
We're Goin' To the Country!,Sufjan Stevens,Songs For Christmas,3
Lo! How A Rose E'er Blooming,Sufjan Stevens,Songs For Christmas,4
It's Christmas! Let's Be Glad!,Sufjan Stevens,Songs For Christmas,5
"Holy Holy, etc.",Sufjan Stevens,Songs For Christmas,6
Amazing Grace,Sufjan Stevens,Songs For Christmas,7
Angels We Have Heard on High,Sufjan Stevens,Songs For Christmas,8
Put the Lights On the Tree,Sufjan Stevens,Songs For Christmas,9
Come Thou Fount of Every Blessing,Sufjan Stevens,Songs For Christmas,10
I Saw Three Ships,Sufjan Stevens,Songs For Christmas,11
Only at Christmas Time,Sufjan Stevens,Songs For Christmas,12
Once in Royal David's City,Sufjan Stevens,Songs For Christmas,13
Hark! The Herald Angels Sing!,Sufjan Stevens,Songs For Christmas,14
What Child Is This Anyway?,Sufjan Stevens,Songs For Christmas,15
"Bring A Torch, Jeanette, Isabella",Sufjan Stevens,Songs For Christmas,16
O Come O Come Emmanuel,Sufjan Stevens,Songs For Christmas,17
Come on! Let's Boogey to the Elf Dance!,Sufjan Stevens,Songs For Christmas,18
We Three Kings,Sufjan Stevens,Songs For Christmas,19
O Holy Night,Sufjan Stevens,Songs For Christmas,20
That Was the Worst Christmas Ever!,Sufjan Stevens,Songs For Christmas,21
Ding! Dong!,Sufjan Stevens,Songs For Christmas,22
All the King's Horns,Sufjan Stevens,Songs For Christmas,23
The Friendly Beasts,Sufjan Stevens,Songs For Christmas,24
The Little Drummer Boy,Sufjan Stevens,Songs For Christmas,25
Away In A Manger,Sufjan Stevens,Songs For Christmas,26
Hey Guys! It's Christmas Time!,Sufjan Stevens,Songs For Christmas,27
The First Noel,Sufjan Stevens,Songs For Christmas,28
"Did I Make You Cry On Christmas Day? (Well, You Deserved It!)",Sufjan Stevens,Songs For Christmas,29
The Incarnation,Sufjan Stevens,Songs For Christmas,30
Joy To The World,Sufjan Stevens,Songs For Christmas,31
Once in Royal David's City,Sufjan Stevens,Songs For Christmas,32
"Get Behind Me, Santa!",Sufjan Stevens,Songs For Christmas,33
Jingle Bells,Sufjan Stevens,Songs For Christmas,34
Christmas in July,Sufjan Stevens,Songs For Christmas,35
Lo! How A Rose E'er Blooming,Sufjan Stevens,Songs For Christmas,36
Jupiter Winter,Sufjan Stevens,Songs For Christmas,37
Sister Winter,Sufjan Stevens,Songs For Christmas,38
O Come O Come Emmanuel,Sufjan Stevens,Songs For Christmas,39
Star of Wonder,Sufjan Stevens,Songs For Christmas,40
"Holy, Holy, Holy",Sufjan Stevens,Songs For Christmas,41
The Winter Solstice,Sufjan Stevens,Songs For Christmas,42
Nat's Christmas Wishes,Nat King Cole,The Christmas Song,1
The Christmas Song (Merry Christmas To You),Nat King Cole,The Christmas Song,2
Deck The Hall,Nat King Cole,The Christmas Song,3
O Come All Ye Faithful,Nat King Cole,The Christmas Song,4
"God Rest Ye Merry, Gentlemen",Nat King Cole,The Christmas Song,5
O Tannenbaum,Nat King Cole,The Christmas Song,6
O Little Town Of Bethlehem,Nat King Cole,The Christmas Song,7
I Saw Three Ships,Nat King Cole,The Christmas Song,8
O Holy Night,Nat King Cole,The Christmas Song,9
Hark! The Herald Angels Sing,Nat King Cole,The Christmas Song,10
A Cradle In Bethlehem,Nat King Cole,The Christmas Song,11
Away In A Manger,Nat King Cole,The Christmas Song,12
Joy To The World,Nat King Cole,The Christmas Song,13
The First Noel,Nat King Cole,The Christmas Song,14
"Caroling, Caroling",Nat King Cole,The Christmas Song,15
Silent Night,Nat King Cole,The Christmas Song,16
Buon Natale,Nat King Cole,The Christmas Song,17
All I Want For Christmas (Is My Two Front Teeth),Nat King Cole,The Christmas Song,18
The Happiest Christmas Tree,Nat King Cole,The Christmas Song,19
The Christmas Song,Nat King Cole,The Christmas Song,20
Santa Claus Is Back In Town,Elvis Presley,Elvis' Christmas Album,1
White Christmas,Elvis Presley,Elvis' Christmas Album,2
Here Comes Santa Claus (Right Down Santa Claus Lane),Elvis Presley,Elvis' Christmas Album,3
I'll Be Home for Christmas,Elvis Presley,Elvis' Christmas Album,4
Blue Christmas,Elvis Presley,Elvis' Christmas Album,5
Santa Bring My Baby Back (To Me),Elvis Presley,Elvis' Christmas Album,6
O Little Town of Bethlehem,Elvis Presley,Elvis' Christmas Album,7
Silent Night,Elvis Presley,Elvis' Christmas Album,8
(There'll Be) Peace in the Valley (For Me),Elvis Presley,Elvis' Christmas Album,9
I Believe,Elvis Presley,Elvis' Christmas Album,10
"Take My Hand, Precious Lord",Elvis Presley,Elvis' Christmas Album,11
It Is No Secret (What God Can Do),Elvis Presley,Elvis' Christmas Album,12
Jingle Bells,Diana Krall,Christmas Songs,1
Let It Snow,Diana Krall,Christmas Songs,2
The Christmas Song,Diana Krall,Christmas Songs,3
Winter Wonderland,Diana Krall,Christmas Songs,4
I'll Be Home For Christmas,Diana Krall,Christmas Songs,5
Christmas Time Is Here,Diana Krall,Christmas Songs,6
Santa Claus Is Coming To Town,Diana Krall,Christmas Songs,7
Have Yourself A Merry Little Christmas,Diana Krall,Christmas Songs,8
White Christmas,Diana Krall,Christmas Songs,9
What Are You Doing New Year's Eve?,Diana Krall,Christmas Songs,10
Sleigh Ride,Diana Krall,Christmas Songs,11
Count Your Blessings Instead Of Sheep,Diana Krall,Christmas Songs,12
