Name,Artist,Album,Track Number
Crystallize,Ronario,This Is Ronario,4
Crystallize,Ronario,This Is Ronario,4
Together In Electric Dreams,Daisy Daisy,Together In Electric Dreams,3
"Phantom Of The Opera Medley (from ""Phantom Of The Opera"")",Broadway Session Musicians,The Greatest Hits Of Andrew Lloyd Webber,9
Grenade | Alex Boy√© {Featuring} | Lindsey Stirling {Featuring},Nathaniel Drew & Salt Lake Pops Orchestra,Grenade Single,1
Let Me,Painè,Spontaneous,6
Grenade | Alex Boy√© (featuring) | Lindsey Stirling [featuring],Nathaniel Drew & Salt Lake Pops Orchestra,Grenade - Single,1
